Use JABALI;
-- ============================================================
-- PESCADOS Y MARISCOS (cocina vasca especialmente)
-- ============================================================
INSERT INTO INGREDIENTE (nombre_ingrediente, sostenibilidad_producto, cecliaco, caducidad) VALUES
('Bacalao',              'Nacional',    0, '2027-12-31'),
('Anchoa',               'Km0',         0, '2026-12-31'),
('Merluza',              'Km0',         0, '2026-06-15'),
('Txipiron (calamar)',   'Km0',         0, '2026-06-15'),
('Pulpo',                'Nacional',    0, '2026-06-15'),
('Gambas',               'Nacional',    0, '2026-06-15'),
('Langostinos',          'Nacional',    0, '2026-06-15'),
('Mejillones',           'Colindante',  0, '2026-05-15'),
('Almejas',              'Km0',         0, '2026-05-15'),
('Berberechos',          'Km0',         0, '2026-05-15'),
('Nécoras',              'Km0',         0, '2026-05-15'),
('Txangurro (centollo)', 'Km0',         0, '2026-05-15'),
('Bonito del norte',     'Km0',         0, '2026-06-15'),
('Atún rojo',            'Nacional',    0, '2026-06-15'),
('Sardinas',             'Km0',         0, '2026-05-15'),
('Besugo',               'Km0',         0, '2026-06-15'),
('Lubina',               'Nacional',    0, '2026-06-15'),
('Dorada',               'Nacional',    0, '2026-06-15'),
('Rape',                 'Nacional',    0, '2026-06-15'),
('Kokotxas de bacalao',  'Nacional',    0, '2026-06-15'),
('Angulas',              'Km0',         0, '2026-05-15'),
('Percebes',             'Km0',         0, '2026-05-15'),
('Langosta',             'Nacional',    0, '2026-06-15'),
('Bogavante',            'Km0',         0, '2026-05-15'),
('Vieiras',              'Colindante',  0, '2026-05-15'),

-- ============================================================
-- CARNES
-- ============================================================
('Ternera',              'Km0',         0, '2026-06-20'),
('Txuleta (buey)',       'Km0',         0, '2026-06-20'),
('Cordero',              'Nacional',    0, '2026-06-20'),
('Cerdo ibérico',        'Nacional',    0, '2027-12-31'),
('Pollo',                'Km0',         0, '2026-06-20'),
('Pato',                 'Nacional',    0, '2026-06-20'),
('Conejo',               'Km0',         0, '2026-06-18'),
('Cochinillo',           'Nacional',    0, '2026-06-20'),
('Cabrito',              'Nacional',    0, '2026-06-20'),
('Morcilla',             'Nacional',    1, '2026-09-30'),
('Chorizo',              'Nacional',    1, '2026-12-31'),
('Txistorra',            'Km0',         1, '2026-07-31'),
('Jamón serrano',        'Nacional',    0, '2028-01-01'),
('Jamón ibérico',        'Nacional',    0, '2028-06-01'),
('Lomo embuchado',       'Nacional',    0, '2027-12-31'),

-- ============================================================
-- VERDURAS Y HORTALIZAS
-- ============================================================
('Pimiento rojo',        'Km0',         0, '2026-06-28'),
('Pimiento verde',       'Km0',         0, '2026-06-28'),
('Pimiento choricero',   'Km0',         0, '2027-12-31'),
('Tomate',               'Km0',         0, '2026-06-28'),
('Cebolla',              'Km0',         0, '2026-07-31'),
('Ajo',                  'Nacional',    0, '2026-09-30'),
('Puerro',               'Km0',         0, '2026-06-28'),
('Zanahoria',            'Km0',         0, '2026-07-15'),
('Patata',               'Km0',         0, '2026-08-28'),
('Berenjena',            'Km0',         0, '2026-06-28'),
('Calabacín',            'Km0',         0, '2026-06-28'),
('Espinacas',            'Km0',         0, '2026-06-20'),
('Acelgas',              'Km0',         0, '2026-06-20'),
('Coliflor',             'Km0',         0, '2026-06-25'),
('Brócoli',              'Nacional',    0, '2026-06-25'),
('Col',                  'Km0',         0, '2026-06-28'),
('Alcachofas',           'Nacional',    0, '2026-06-28'),
('Espárragos blancos',   'Nacional',    0, '2026-10-30'),
('Espárragos verdes',    'Nacional',    0, '2026-10-30'),
('Judías verdes',        'Km0',         0, '2026-06-25'),
('Guisantes',            'Km0',         0, '2026-06-20'),
('Habas',                'Km0',         0, '2026-06-20'),
('Pimientos de Gernika', 'Km0',         0, '2026-06-28'),
('Tomate pera',          'Nacional',    0, '2026-06-28'),
('Remolacha',            'Km0',         0, '2026-07-15'),
('Apio',                 'Nacional',    0, '2026-06-25'),
('Nabo',                 'Km0',         0, '2026-07-15'),
('Hongos/setas',         'Km0',         0, '2026-05-18'),
('Perretxikos',          'Km0',         0, '2026-05-18'),
('Boletus',              'Colindante',  0, '2026-05-18'),
('Trufas',               'Nacional',    0, '2026-09-30'),

-- ============================================================
-- LEGUMBRES
-- ============================================================
('Alubias rojas',        'Km0',         0, '2027-12-31'),
('Alubia blanca',        'Nacional',    0, '2027-12-31'),
('Alubias negras',       'Nacional',    0, '2027-12-31'),
('Garbanzos',            'Nacional',    0, '2027-12-31'),
('Lentejas',             'Nacional',    0, '2027-12-31'),
('Pochas',               'Km0',         0, '2027-12-31'),

-- ============================================================
-- LÁCTEOS Y HUEVOS
-- ============================================================
('Huevos',               'Km0',         0, '2026-07-15'),
('Leche entera',         'Km0',         0, '2026-06-25'),
('Nata',                 'Km0',         0, '2026-06-22'),
('Mantequilla',          'Colindante',  0, '2026-09-30'),
('Queso idiazábal',      'Km0',         0, '2026-12-31'),
('Queso manchego',       'Nacional',    0, '2026-12-31'),
('Queso de cabra',       'Nacional',    0, '2026-08-28'),
('Requesón',             'Km0',         0, '2026-06-22'),

-- ============================================================
-- CEREALES, HARINAS Y PAN
-- ============================================================
('Harina de trigo',      'Nacional',    1, '2027-12-31'),
('Pan blanco',           'Km0',         1, '2026-05-10'),
('Pan de maíz (talo)',   'Km0',         0, '2026-05-10'),
('Arroz',                'Nacional',    0, '2027-12-31'),
('Maíz',                 'Nacional',    0, '2027-12-31'),
('Fideos',               'Nacional',    1, '2027-12-31'),
('Pan rallado',          'Nacional',    1, '2027-06-30'),
('Pasta',                'Nacional',    1, '2027-12-31'),

-- ============================================================
-- ACEITES, VINAGRES Y CONSERVAS
-- ============================================================
('Aceite de oliva virgen extra', 'Nacional', 0, '2028-06-01'),
('Aceite de girasol',    'Nacional',    0, '2027-12-31'),
('Vinagre de vino',      'Nacional',    0, '2028-01-01'),
('Vinagre de sidra',     'Km0',         0, '2028-01-01'),
('Sidra natural',        'Km0',         0, '2027-06-30'),
('Tomate frito',         'Nacional',    0, '2028-01-01'),
('Pimiento morrón conserva', 'Nacional',0, '2028-01-01'),

-- ============================================================
-- CONDIMENTOS, ESPECIAS Y HIERBAS
-- ============================================================
('Sal',                  'Nacional',    0, '2035-01-01'),
('Pimienta negra',       'Global',      0, '2028-01-01'),
('Pimentón dulce',       'Nacional',    0, '2028-01-01'),
('Pimentón picante',     'Nacional',    0, '2028-01-01'),
('Azafrán',              'Nacional',    0, '2028-01-01'),
('Laurel',               'Km0',         0, '2027-12-31'),
('Perejil',              'Km0',         0, '2026-06-22'),
('Tomillo',              'Nacional',    0, '2027-12-31'),
('Romero',               'Nacional',    0, '2027-12-31'),
('Orégano',              'Nacional',    0, '2027-12-31'),
('Albahaca',             'Nacional',    0, '2026-06-22'),
('Comino',               'Global',      0, '2028-01-01'),
('Canela',               'Global',      0, '2028-01-01'),
('Nuez moscada',         'Global',      0, '2028-01-01'),
('Guindilla',            'Km0',         0, '2027-12-31'),
('Cebollino',            'Km0',         0, '2026-06-22'),

-- ============================================================
-- FRUTAS
-- ============================================================
('Manzana',              'Km0',         0, '2026-07-15'),
('Pera',                 'Km0',         0, '2026-07-15'),
('Limón',                'Nacional',    0, '2026-08-28'),
('Naranja',              'Nacional',    0, '2026-08-28'),
('Uva',                  'Nacional',    0, '2026-06-28'),
('Higos',                'Nacional',    0, '2026-06-20'),
('Ciruelas',             'Km0',         0, '2026-06-20'),
('Cerezas',              'Nacional',    0, '2026-06-20'),
('Membrillo',            'Nacional',    0, '2026-09-30'),

-- ============================================================
-- FRUTOS SECOS Y SEMILLAS
-- ============================================================
('Almendras',            'Nacional',    0, '2027-12-31'),
('Nueces',               'Nacional',    0, '2027-12-31'),
('Piñones',              'Nacional',    0, '2027-12-31'),
('Avellanas',            'Nacional',    0, '2027-12-31'),
('Pasas',                'Nacional',    0, '2027-06-30'),

-- ============================================================
-- OTROS
-- ============================================================
('Caldo de pescado',     'Km0',         0, '2026-06-20'),
('Caldo de carne',       'Km0',         0, '2026-06-20'),
('Salsa verde',          'Km0',         0, '2026-06-20'),
('Txakoli',              'Km0',         0, '2027-12-31'),
('Vino blanco',          'Nacional',    0, '2027-12-31'),
('Vino tinto',           'Nacional',    0, '2027-12-31'),
('Brandy',               'Nacional',    0, '2035-01-01'),
('Chocolate negro',      'Global',      0, '2027-12-31'),
('Azúcar',               'Global',      0, '2035-01-01'),
('Miel',                 'Km0',         0, '2030-01-01');
commit;

INSERT INTO ALERGENO (id_alergeno, descripción) VALUES
(1, 'Cereales con gluten'),
(2, 'Crustáceos'),
(3, 'Huevos'),
(4, 'Pescado'),
(5, 'Cacahuetes'),
(6, 'Soja'),
(7, 'Leche'),
(8, 'Frutos de cáscara'),
(9, 'Apio'),
(10, 'Mostaza'),
(11, 'Sésamo'),
(12, 'Dióxido de azufre y sulfitos'),
(13, 'Altramuces'),
(14, 'Moluscos');


INSERT INTO INGREDIENTE_ALERGENO (id_ingrediente, id_alergeno) VALUES
(1, 4), (2, 4), (3, 4), (4, 14), (5, 14), (6, 2), (7, 2), (8, 14), (9, 14),
(10, 14), (11, 14), (12, 14), (13, 4), (14, 4), (15, 4), (16, 4), (17, 4),
(18, 4), (19, 4), (20, 4), (21, 14), (22, 14), (23, 2), (24, 2), (25, 14);

INSERT INTO INGREDIENTE_ALERGENO (id_ingrediente, id_alergeno) VALUES
(35, 1), (35, 12),  
(36, 1),            
(37, 1),           
(38, 1), (38, 12); 
INSERT INTO INGREDIENTE_ALERGENO (id_ingrediente, id_alergeno) VALUES
(87, 3), 
(88, 7), (89, 7), (90, 7), (91, 7), (92, 7), (93, 7), (94, 7);
INSERT INTO INGREDIENTE_ALERGENO (id_ingrediente, id_alergeno) VALUES
(95, 1), (96, 1), (98, 1), (101, 1), (102, 1); 
INSERT INTO INGREDIENTE_ALERGENO (id_ingrediente, id_alergeno) VALUES
(133, 8), (134, 8), (135, 8), (136, 8);
commit;


